Category,Question,Answer
Getting Started,What is CarMarket?,CarMarket is a modern full-stack marketplace for buying and selling used cars. It connects buyers and sellers through a secure platform with advanced search features and real-time messaging.
Getting Started,How do I get started on CarMarket?,"To get started, create a free account by clicking the ""Register"" button. Fill in your name, email, and password, then verify your email to begin browsing cars or listing your vehicle for sale."
Getting Started,Is CarMarket free to use?,"Yes, CarMarket is free for buyers to browse and search cars. Sellers can also list their cars for free on the platform."
Getting Started,What devices can I use to access CarMarket?,CarMarket is fully responsive and works on desktop computers (Windows/Mac/Linux), tablets (iPad/Android), and mobile phones (iOS/Android) through any modern web browser.
Getting Started,Do I need an account to browse cars?,"No, you can browse available cars without an account. However, you need to create an account to save favorites, contact sellers, or list your own car for sale."
Account Management,How do I create an account?,Click the Register button in the top right corner. Enter your first name, last name, email address, and password. After submitting, you'll receive a verification email.
Account Management,Can I register using social media?,"Yes, CarMarket supports OAuth authentication. You can register and login using your Google or Facebook account for quick access without creating a new password."
Account Management,How do I reset my password?,"Click on ""Forgot Password"" on the login page, enter your registered email address, and you'll receive a password reset link via email."
Account Management,How do I change my password?,"Log in to your account, go to your Profile page, and use the ""Change Password"" option. You'll need to enter your current password and new password."
Account Management,Can I update my profile information?,"Yes, go to your Profile page where you can update your name, email, phone number, location, and add a bio."
Account Management,How do I upload a profile picture?,Visit your Profile page and click on the avatar/profile picture area. You can upload an image file (JPG, PNG) to set as your profile picture.
Account Management,Is my personal information secure?,"Yes, CarMarket uses JWT (JSON Web Token) authentication for secure sessions, encrypted password storage with bcrypt hashing, and follows industry-standard security practices."
Account Management,How do I delete my account?,Contact support through the chat system or email to request account deletion. An administrator will process your request within 24-48 hours.
Account Management,Can I have multiple accounts?,"While technically possible, we recommend using only one account per user for better experience and to maintain trust within the community."
Browsing Cars,How do I search for cars?,"Use the search bar on the homepage to search by make, model, or keywords. You can also use the advanced filters to narrow down results by price, year, mileage, fuel type, body type, transmission, and location."
Browsing Cars,What filters are available?,Available filters include: Car Make, Model, Price Range (Min/Max), Year Range, Maximum Mileage, Fuel Type (Gasoline/Diesel/Electric/Hybrid), Body Type (Sedan/SUV/Truck/etc.), Transmission Type (Automatic/Manual), and Location.
Browsing Cars,How can I sort the search results?,"You can sort listings by: Newest First, Oldest First, Price (Low to High), Price (High to Low), Year (Newest First), Year (Oldest First), Mileage (Low to High), or Mileage (High to Low)."
Browsing Cars,How many cars are displayed per page?,"By default, 12 cars are shown per page. You can change this to show 6, 12, 24, or 48 cars per page using the pagination controls."
Browsing Cars,How do I view more details about a car?,"Click on any car card to open the detailed listing page with complete specifications, multiple photos, seller information, and contact options."
Browsing Cars,What information is shown in car listings?,"Each listing shows: Make & Model, Year, Price, Mileage, Engine Size, Horsepower, Fuel Type, Transmission, Body Type, Color, Number of Doors/Seats, Condition, Features, Service History, Accident History, Previous Owners, Location, and multiple photos."
Browsing Cars,Can I see the seller's information?,"Yes, on the car detail page you can see the seller's name, profile picture, location, and contact options."
Browsing Cars,How recent are the listings?,"Listings are displayed in real-time. The homepage defaults to showing the newest listings first, and each listing shows when it was posted."
Browsing Cars,Are all listed cars available?,"Only active and approved listings are shown. If you see a listing, it means the car is currently available for sale unless the seller has marked it as sold."
Search & Filters,How do I search for a specific car make?,"Use the Make filter dropdown which contains all available car brands in our system (Toyota, Honda, Ford, BMW, etc.), or type the make name in the main search bar."
Search & Filters,Can I search for cars by price range?,"Yes, use the Price Range filter to set minimum and maximum prices. For example, set Min: $10,000 and Max: $25,000 to see cars in that price bracket."
Search & Filters,How do I find cars by year?,"Use the Year Range filter to specify the range of model years you're interested in, such as from 2018 to 2023."
Search & Filters,Can I filter by fuel type?,"Yes, you can filter by Gasoline, Diesel, Electric, Hybrid, Plug-in Hybrid, and other fuel types available in the system."
Search & Filters,What body types can I search for?,"Available body types include: Sedan, SUV, Truck, Coupe, Convertible, Hatchback, Wagon, Van, Minivan, and more."
Search & Filters,How do I find automatic transmission cars only?,Use the Transmission filter and select Automatic. You can also filter for Manual transmission.
Search & Filters,Can I search by location?,"Yes, enter a city or state in the Location filter to find cars near you."
Search & Filters,How do I clear all filters?,"Click the ""Clear Filters"" or ""Clear All"" button to remove all active filters and return to viewing all available cars."
Search & Filters,Can I save my search preferences?,"Currently, search preferences are not saved. However, you can save specific cars to your Favorites for easy access later."
Search & Filters,How many filters can I use at once?,You can use as many filters as you want simultaneously. All filters work together to help you find exactly what you're looking for.
Buying Process,How do I contact a seller?,"On the car detail page, click the ""Contact Seller"" or ""Start Chat"" button to begin a conversation with the seller about the vehicle."
Buying Process,Is there a way to negotiate the price?,You can discuss pricing with the seller through the chat system. Many sellers are open to reasonable offers.
Buying Process,Can I schedule a test drive?,"Yes, use the chat system to communicate with the seller and arrange a convenient time and location for a test drive."
Buying Process,How do I make an offer on a car?,Contact the seller through the messaging system and make your offer. Discuss terms and conditions directly with them.
Buying Process,Does CarMarket handle payments?,"No, CarMarket is a listing platform that connects buyers and sellers. All payment transactions are handled directly between the buyer and seller."
Buying Process,What payment methods are accepted?,Payment methods are determined by the seller. Discuss acceptable payment methods (cash, bank transfer, certified check, etc.) directly with the seller.
Buying Process,Is there buyer protection?,"CarMarket provides a platform for connection. We recommend meeting in safe public places, inspecting vehicles thoroughly, verifying documentation, and using secure payment methods."
Buying Process,Can I get a vehicle history report?,"Some sellers provide vehicle history reports. You can request this information from the seller, or obtain your own report using the VIN (Vehicle Identification Number)."
Buying Process,What should I check before buying?,"Verify: clean title, service history, accident history, current mileage, overall condition, test drive performance, seller identity, and ownership documents."
Buying Process,How do I complete the purchase?,"Once you've agreed on terms with the seller, arrange payment, complete necessary paperwork (title transfer, bill of sale), and register the vehicle with your local DMV."
Selling Process,How do I list my car for sale?,"Log in, click ""Sell Car"" or ""Create Listing,"" fill in all required information (make, model, year, price, condition, photos), and submit for approval."
Selling Process,What information do I need to provide?,"Required details include: Make, Model, Year, Price, Mileage, Engine Size, Horsepower, Fuel Type, Transmission, Body Type, Color, Number of Doors, Number of Seats, Condition, Description, Location, and at least one photo."
Selling Process,How many photos can I upload?,"You can upload multiple photos (typically up to 10) showing different angles of your car: exterior front, sides, rear, interior, engine, dashboard, and any special features or damage."
Selling Process,Can I edit my listing after posting?,"Yes, go to ""My Listings,"" find your car, click ""Edit,"" make your changes, and save. Edited listings may require re-approval."
Selling Process,How long does listing approval take?,Listings are typically reviewed and approved by administrators within 24 hours. You'll be notified once your listing is active.
Selling Process,Is there a fee to list my car?,"No, listing your car on CarMarket is completely free for sellers."
Selling Process,How do I set the right price for my car?,"Research similar cars on CarMarket and other platforms, consider your car's condition, mileage, year, features, and local market demand. You can use the virtual assistant for pricing tips."
Selling Process,Can I mark my car as sold?,Contact the administrator or delete your listing once your car is sold to remove it from active listings.
Selling Process,How do buyers contact me?,"Buyers will contact you through CarMarket's secure messaging system. You'll receive notifications when someone sends you a message."
Selling Process,Can I list multiple cars?,"Yes, there's no limit. You can create separate listings for each vehicle you want to sell."
Selling Process,What makes a good listing?,Include: clear, well-lit photos; honest description of condition; complete specifications; competitive pricing; detailed service history; and quick responses to buyer inquiries.
Selling Process,How do I delete my listing?,"Go to ""My Listings,"" find the car you want to remove, and click the ""Delete"" button."
Favorites,What are Favorites?,"Favorites allow you to save listings you're interested in for easy access later, so you don't have to search for them again."
Favorites,How do I save a car to Favorites?,"Click the heart icon on any car card or on the detailed listing page. The heart will fill in to show it's been added to your Favorites."
Favorites,Where can I see my Favorites?,"Click on ""Favorites"" in the navigation menu to view all cars you've saved."
Favorites,How do I remove a car from Favorites?,Click the filled heart icon again on the car card or listing page to remove it from your Favorites.
Favorites,Is there a limit to how many cars I can favorite?,"No, you can save as many cars as you want to your Favorites list."
Favorites,Do I need an account to use Favorites?,"Yes, you must be logged in to save cars to Favorites. Create a free account to access this feature."
Favorites,Will I be notified if a favorited car's price changes?,"Currently, automatic price change notifications are not available, but you can check your Favorites regularly to see updated information."
Favorites,Can I share my Favorites list?,Each user's Favorites list is private. You can share individual car links by copying the URL from the car detail page.
Chat & Messaging,How does the messaging system work?,"CarMarket has a built-in real-time chat system. When you contact a seller, a conversation is created where you can exchange messages instantly."
Chat & Messaging,How do I start a conversation?,"On any car listing detail page, click the ""Contact Seller"" or ""Start Chat"" button to begin a conversation about that specific vehicle."
Chat & Messaging,Can I see my message history?,"Yes, go to ""Conversations"" or ""Messages"" to see all your ongoing conversations with buyers or sellers."
Chat & Messaging,Are messages real-time?,"Yes, messages use Socket.IO technology for real-time delivery. You'll see messages instantly when the other person sends them."
Chat & Messaging,How do I know if someone is typing?,You'll see a typing indicator (""[Name] is typing..."") when the other person is composing a message.
Chat & Messaging,Can I send images in messages?,"Currently, the chat system supports text messages. You can share additional photos by including links or arranging to send them via email."
Chat & Messaging,How do I know if I have new messages?,"You'll see a notification badge with the number of unread messages in the navigation menu and on the Conversations page."
Chat & Messaging,Can I delete conversations?,"Currently, conversations cannot be deleted by users. Contact support if you need to remove a conversation."
Chat & Messaging,Is my chat history saved?,Yes, all your messages are saved in the database so you can reference previous conversations anytime.
Chat & Messaging,Can I block a user?,"Currently, there is no built-in block feature. If you experience harassment or inappropriate behavior, report it to administrators immediately."
Chat & Messaging,How do I report inappropriate messages?,"Contact an administrator through the support system or email. Provide details about the conversation and user for investigation."
Profile Management,What information appears on my profile?,"Your profile displays: Name, Profile Picture, Email, Phone Number (if provided), Location, Bio, Member Since date, and your active listings."
Profile Management,Can other users see my email?,"Your full email is private. Other users can only contact you through the CarMarket messaging system unless you choose to share your email directly."
Profile Management,How do I update my contact information?,"Go to your Profile page, click ""Edit Profile,"" update your phone number or other contact details, and save changes."
Profile Management,Can I add a bio to my profile?,"Yes, on the Profile edit page you can add a bio describing yourself, your car expertise, or anything else you'd like other users to know."
Profile Management,What image formats are supported for profile pictures?,"Supported formats include JPG, JPEG, PNG, and other common image formats. Images are automatically resized for optimal display."
Profile Management,How do I make my profile more trustworthy?,"Add a clear profile picture, complete all profile information, respond promptly to messages, provide honest listings, and maintain good communication with other users."
Admin Features,What is the Admin Panel?,"The Admin Panel is a special interface for administrators to manage the platform, review listings, manage user accounts, and oversee metadata like car makes and models."
Admin Features,How do I become an admin?,"Admin accounts are created by the system owner. Regular users cannot self-promote to admin status. Contact the platform owner if you're interested in a moderation role."
Admin Features,What can admins do?,"Admins can: approve/reject listings, view dashboard statistics, manage car metadata (makes, models, fuel types, body types), create/edit/delete metadata entries, and monitor system activity."
Admin Features,What is listing approval?,"All new car listings are reviewed by administrators before appearing publicly. This ensures quality, prevents spam, and verifies that listings meet platform standards."
Admin Features,Why was my listing rejected?,You'll receive a notification explaining the rejection reason. Common reasons include: incomplete information, inappropriate photos, suspected fraud, or policy violations.
Admin Features,How long does approval take?,"Most listings are reviewed within 24 hours. Complex cases may take longer. You can check your listing status in ""My Listings."""
Admin Features,What is car metadata?,"Metadata includes standardized lists of car makes (Toyota, Honda, etc.), models, fuel types, body types, transmission types, and features that ensure consistent data across the platform."
Admin Features,Can I suggest new car makes or models?,"Yes, contact administrators through the messaging system to suggest additions to the metadata. Include the make/model details and they'll review your request."
Virtual Assistant,What is the Virtual Assistant?,"The Virtual Assistant is an AI-powered chatbot (blue chat bubble in the bottom-right corner) that helps you navigate the site, answer questions, and find cars based on your needs."
Virtual Assistant,How do I use the Virtual Assistant?,"Click the blue chat bubble icon in the bottom-right corner of any page. Type your question or request, and the assistant will provide helpful responses and suggestions."
Virtual Assistant,What can the Virtual Assistant help me with?,"The assistant can help with: searching for cars, understanding features, navigating the site, selling tips, pricing guidance, account questions, how-to instructions, and general platform information."
Virtual Assistant,Can the Virtual Assistant compare cars for me?,"Yes! You can ask the assistant to compare two cars (e.g., ""Compare Honda Civic vs Toyota Corolla"") and it will search the inventory and provide a detailed comparison with specs, pricing, and recommendations."
Virtual Assistant,Is the Virtual Assistant AI-powered?,"Yes, it uses advanced intent recognition and can provide context-aware responses based on your current page, authentication status, and previous interactions."
Virtual Assistant,Can the Virtual Assistant search for specific cars?,"Yes, tell the assistant what you're looking for (e.g., ""Show me SUVs under $30,000"") and it can guide you to relevant listings or apply appropriate filters."
Virtual Assistant,Does the Virtual Assistant work 24/7?,"Yes, the Virtual Assistant is always available to help you, any time of day or night."
Virtual Assistant,Can I minimize the Virtual Assistant?,"Yes, you can minimize and maximize the chat window as needed. An unread badge will appear if there are new messages while minimized."
Car Comparison,How do I compare two cars?,"Use the Virtual Assistant and ask to compare specific cars (e.g., ""Compare Mazda CX-5 vs Honda CR-V""). The system will find matching cars in inventory and provide a detailed side-by-side comparison."
Car Comparison,What information is compared?,"The comparison includes: Basic Information (make, model, year, price), Performance (engine size, horsepower, fuel type, transmission), Specifications (body type, doors, seats, color), History (mileage, owners, service history, accidents), and Features."
Car Comparison,Can I compare more than two cars?,Currently the system is optimized for comparing two cars at a time. You can make multiple comparison requests for different vehicle pairs.
Car Comparison,What if the cars I want to compare aren't in the inventory?,"The system will provide general comparison information based on market knowledge, including typical price ranges, features, and recommendations for each model."
Car Comparison,Does the comparison show which car is better?,"Yes, the comparison highlights winners for specific attributes (lower price, better fuel economy, more features, etc.) and provides an AI-generated summary with advantages of each car."
Car Comparison,Can I save comparison results?,Currently comparison results are not saved. You can take screenshots or notes on the comparison to reference later.
Car Comparison,How accurate are the comparisons?,"Comparisons are based on actual listing data from our inventory, ensuring accuracy for price, mileage, and specifications of available cars."
Technical & Security,Is my data secure on CarMarket?,"Yes, CarMarket uses industry-standard security measures including JWT authentication, bcrypt password hashing, HTTPS encryption (in production), and secure database storage."
Technical & Security,How is my password protected?,"Passwords are hashed using bcrypt (a strong one-way encryption algorithm) before being stored. Even administrators cannot see your actual password."
Technical & Security,What browsers are supported?,"CarMarket works on all modern browsers including Chrome, Firefox, Safari, Edge, and mobile browsers (iOS Safari, Chrome Mobile). We recommend using the latest browser versions."
Technical & Security,Does CarMarket have a mobile app?,"Not currently, but the website is fully responsive and works excellently on mobile devices through your phone's web browser."
Technical & Security,Is my browsing history tracked?,"We track basic analytics to improve the platform, but we don't sell your data to third parties. See our Privacy Policy for full details."
Technical & Security,Can I use CarMarket without cookies?,"Some cookies are essential for authentication and site functionality. Without them, features like staying logged in won't work properly."
Technical & Security,What should I do if I suspect fraudulent activity?,"Report any suspicious listings, messages, or behavior to administrators immediately through the contact form or messaging system. Include as much detail as possible."
Technical & Security,How do I report a security vulnerability?,"Contact the technical team directly through email or the support system. We take security reports seriously and will investigate promptly."
Pricing & Listings,Are prices negotiable?,"That depends on the seller. Many sellers are open to reasonable offers. Use the messaging system to discuss pricing with individual sellers."
Pricing & Listings,Why do some cars have ""Contact for Price""?,"Some sellers prefer to discuss pricing directly. Click ""Contact Seller"" to inquire about the price."
Pricing & Listings,How often are prices updated?,"Sellers can update their listing prices at any time. Check the listing date or ""Last Updated"" information to see when a listing was most recently modified."
Pricing & Listings,Are there any hidden fees?,"CarMarket doesn't charge buyers or sellers platform fees. However, when purchasing a car, there may be external costs like taxes, registration, title transfer, and inspection fees."
Pricing & Listings,Can I see sold listings?,"Currently, only active listings are shown. Sold cars are removed from the platform to keep the inventory current."
Pricing & Listings,How do I know if a price is fair?,"Compare similar cars on CarMarket and other platforms, check market value guides (KBB, Edmunds), consider mileage, condition, and location. The Virtual Assistant can also provide pricing guidance."
General Questions,How many cars are available on CarMarket?,"The number changes daily as new cars are listed and sold. You can see the total number of search results when browsing the inventory."
General Questions,What makes CarMarket different from other platforms?,"CarMarket offers: modern responsive design, real-time messaging, AI-powered Virtual Assistant, advanced search filters, car comparison tool, favorites system, and a secure, user-friendly experience."
General Questions,Can businesses or dealers use CarMarket?,"Yes, both private sellers and dealers can list vehicles on CarMarket. Seller type may be indicated in their profile."
General Questions,How do I contact customer support?,"Use the Virtual Assistant for immediate help, or contact administrators through the messaging system. You can also find contact information in the footer or About page."
General Questions,Is CarMarket available in my country?,"CarMarket is primarily designed for the US market. Check the location filters to see if cars are available in your area."
General Questions,Can I suggest new features?,"Yes! We welcome user feedback. Contact administrators through the messaging system with your feature suggestions and ideas for improvement."
General Questions,How do I stay updated on new features?,"Follow CarMarket's social media channels, subscribe to newsletters (if available), or check the website regularly for announcements and updates."
General Questions,What is the refund policy?,"CarMarket is a listing platform only. Refund policies are determined by individual sellers and should be discussed before completing any purchase."
General Questions,How do I provide feedback?,"Contact administrators through the messaging system, or leave feedback through any feedback forms available on the site."
General Questions,Can I export my favorite cars list?,"Currently, there's no export feature. You can view your favorites anytime by logging in and navigating to the Favorites page."
Troubleshooting,I forgot my password. What should I do?,"Click ""Forgot Password"" on the login page, enter your email, and follow the password reset instructions sent to your inbox."
Troubleshooting,I'm not receiving emails from CarMarket.,"Check your spam/junk folder. Add CarMarket's email address to your contacts. If still not receiving emails, contact support."
Troubleshooting,Why can't I upload photos?,"Ensure your images are in supported formats (JPG, PNG) and not too large (usually under 5-10MB). Try using a different browser or clearing your cache."
Troubleshooting,The website is loading slowly. What can I do?,"Check your internet connection, try clearing your browser cache, or try a different browser. The issue may also be temporary server load."
Troubleshooting,I can't see any listings.,"This could be due to overly restrictive filters. Click ""Clear Filters"" to reset and view all available cars. If the problem persists, contact support."
Troubleshooting,My messages aren't sending.,"Check your internet connection. Ensure you're logged in. Try refreshing the page. If the problem continues, report it to support."
Troubleshooting,I'm getting an error when creating a listing.,"Ensure all required fields are filled correctly. Check that your images are valid and not too large. If errors persist, contact administrator support."
Troubleshooting,How do I clear my browser cache?,Press Ctrl+Shift+Delete (Windows) or Cmd+Shift+Delete (Mac) in your browser. Select cache/cookies and clear them. This can fix many display issues.
Troubleshooting,The Virtual Assistant isn't responding.,"Try refreshing the page or logging out and back in. If the issue persists, use traditional navigation or contact support."
Troubleshooting,Who do I contact for technical issues?,"Report technical problems through the Virtual Assistant, contact form, or email support. Include details about the issue, what you were doing, and any error messages."
Best Practices,What should I include in my car listing description?,"Mention: key features, recent maintenance/repairs, reason for selling, notable upgrades, any issues or damage (honesty builds trust), and why your car is a great buy."
Best Practices,How can I make my listing stand out?,"Use high-quality photos, write a detailed honest description, price competitively, highlight unique features, respond quickly to inquiries, and keep your listing information updated."
Best Practices,What are the best practices for car photos?,"Take photos in good lighting (preferably daytime outdoors), clean your car first, capture all angles (front, rear, both sides, interior, engine bay), show any damage honestly, and use a neutral background."
Best Practices,How should I communicate with buyers/sellers?,"Be professional and courteous, respond promptly, be honest about condition and terms, ask relevant questions, verify identity before meeting, and keep all communication on platform initially."
Best Practices,What safety precautions should I take when meeting?,"Meet in public places (police station parking lots are ideal), bring a friend, inform someone of your plans, meet during daylight, verify the other person's identity, and trust your instincts."
Best Practices,How can I verify a seller is legitimate?,"Check their profile completeness, review their response time and communication style, ask for VIN and vehicle history, verify ownership documents, and research the vehicle independently."
Best Practices,What documents should I bring to a purchase?,"Bring: valid ID, proof of insurance, payment method, bill of sale template, title transfer forms, and any pre-purchase inspection results."
Best Practices,Should I get a pre-purchase inspection?,"Yes, highly recommended! Have a trusted mechanic inspect any used car before purchase to identify potential issues and verify the car's condition matches the listing."
Best Practices,How do I protect myself from scams?,"Never send money without seeing the car, meet in person, verify ownership, be wary of prices too good to be true, use secure payment methods, and report suspicious activity immediately."
Best Practices,What questions should I ask a seller?,"Ask about: maintenance history, accident history, reason for selling, number of previous owners, any mechanical issues, available service records, and if they have a clean title."
